TRAIN,gs://smiling-cistern-220517-vcm/Broccoli/uploads/unzip/images-2.jpeg,chinesebroccoli
TEST,gs://smiling-cistern-220517-vcm/Broccoli/uploads/unzip/images-39.jpeg,broccoli
TEST,gs://smiling-cistern-220517-vcm/Broccoli/uploads/unzip/images-184.jpeg,broccoli
TRAIN,gs://smiling-cistern-220517-vcm/Broccoli/uploads/unzip/image-5.jpeg,chinesebroccoli
TRAIN,gs://smiling-cistern-220517-vcm/Broccoli/uploads/unzip/image-29.jpeg,chinesebroccoli
TRAIN,gs://smiling-cistern-220517-vcm/Broccoli/uploads/unzip/image-21.jpeg,chinesebroccoli
TRAIN,gs://smiling-cistern-220517-vcm/Broccoli/uploads/unzip/images-85.jpeg,broccoli
TRAIN,gs://smiling-cistern-220517-vcm/Broccoli/uploads/unzip/images-8.jpeg,broccoli
TEST,gs://smiling-cistern-220517-vcm/uploads/new-dataset/20190421200836766/Baby_Broccoli_Seeds.jpg,chinesebroccoli
TRAIN,gs://smiling-cistern-220517-vcm/Broccoli/uploads/unzip/images-40.jpeg,broccoli
TEST,gs://smiling-cistern-220517-vcm/Broccoli/uploads/unzip/image-19.jpeg,chinesebroccoli
TRAIN,gs://smiling-cistern-220517-vcm/Broccoli/uploads/unzip/image-26.jpeg,broccoli
VALIDATION,gs://smiling-cistern-220517-vcm/Broccoli/uploads/unzip/images-6.jpeg,broccoli
TRAIN,gs://smiling-cistern-220517-vcm/Broccoli/uploads/unzip/images-108.jpeg,broccoli
TRAIN,gs://smiling-cistern-220517-vcm/Broccoli/uploads/unzip/image-9.jpeg,broccoli
TRAIN,gs://smiling-cistern-220517-vcm/Broccoli/uploads/unzip/image-24.jpeg,broccoli
TRAIN,gs://smiling-cistern-220517-vcm/Broccoli/uploads/unzip/image-19.jpeg,chinesebroccoli
TEST,gs://smiling-cistern-220517-vcm/Broccoli/uploads/unzip/image-21.jpeg,broccoli
TRAIN,gs://smiling-cistern-220517-vcm/Broccoli/uploads/unzip/images-157.jpeg,broccoli
TRAIN,gs://smiling-cistern-220517-vcm/Broccoli/uploads/unzip/image-10.jpeg,chinesebroccoli
TRAIN,gs://smiling-cistern-220517-vcm/Broccoli/uploads/unzip/images-111.jpeg,broccoli
VALIDATION,gs://smiling-cistern-220517-vcm/Broccoli/uploads/unzip/image-4.jpeg,chinesebroccoli
TRAIN,gs://smiling-cistern-220517-vcm/Broccoli/uploads/unzip/images-15.jpeg,chinesebroccoli
TRAIN,gs://smiling-cistern-220517-vcm/Broccoli/uploads/unzip/image-22.jpeg,chinesebroccoli
TRAIN,gs://smiling-cistern-220517-vcm/uploads/new-dataset/20190421200836766/images (2).jpeg,chinesebroccoli
TRAIN,gs://smiling-cistern-220517-vcm/Broccoli/uploads/unzip/image-3.jpeg,broccoli
TRAIN,gs://smiling-cistern-220517-vcm/Broccoli/uploads/unzip/images-96.jpeg,broccoli
TRAIN,gs://smiling-cistern-220517-vcm/Broccoli/uploads/unzip/images-18.jpeg,broccoli
TRAIN,gs://smiling-cistern-220517-vcm/Broccoli/uploads/unzip/images-141.jpeg,broccoli
TRAIN,gs://smiling-cistern-220517-vcm/Broccoli/uploads/unzip/images-103.jpeg,broccoli
TRAIN,gs://smiling-cistern-220517-vcm/Broccoli/uploads/unzip/image-27.jpeg,broccoli
TRAIN,gs://smiling-cistern-220517-vcm/Broccoli/uploads/unzip/images-7.jpeg,chinesebroccoli
TRAIN,gs://smiling-cistern-220517-vcm/Broccoli/uploads/unzip/images-6.jpeg,chinesebroccoli
TRAIN,gs://smiling-cistern-220517-vcm/Broccoli/uploads/unzip/image-22.jpeg,broccoli
TRAIN,gs://smiling-cistern-220517-vcm/Broccoli/uploads/unzip/images-37.jpeg,broccoli
TRAIN,gs://smiling-cistern-220517-vcm/Broccoli/uploads/unzip/images-3.jpeg,chinesebroccoli
TRAIN,gs://smiling-cistern-220517-vcm/Broccoli/uploads/unzip/images-48.jpeg,broccoli
TRAIN,gs://smiling-cistern-220517-vcm/Broccoli/uploads/unzip/images-99.jpeg,broccoli
TRAIN,gs://smiling-cistern-220517-vcm/Broccoli/uploads/unzip/images-182.jpeg,broccoli
TRAIN,gs://smiling-cistern-220517-vcm/Broccoli/uploads/unzip/images-24.jpeg,broccoli
TRAIN,gs://smiling-cistern-220517-vcm/Broccoli/uploads/unzip/image-17.jpeg,chinesebroccoli
TRAIN,gs://smiling-cistern-220517-vcm/Broccoli/uploads/unzip/image-31.jpeg,broccoli
TRAIN,gs://smiling-cistern-220517-vcm/Broccoli/uploads/unzip/image.jpeg,broccoli
VALIDATION,gs://smiling-cistern-220517-vcm/Broccoli/uploads/unzip/images-105.jpeg,broccoli
TRAIN,gs://smiling-cistern-220517-vcm/Broccoli/uploads/unzip/images-62.jpeg,broccoli
TRAIN,gs://smiling-cistern-220517-vcm/uploads/new-dataset/20190421200836766/images.jpeg,chinesebroccoli
TRAIN,gs://smiling-cistern-220517-vcm/Broccoli/uploads/unzip/images-63.jpeg,broccoli
TEST,gs://smiling-cistern-220517-vcm/Broccoli/uploads/unzip/image-23.jpeg,chinesebroccoli
TRAIN,gs://smiling-cistern-220517-vcm/Broccoli/uploads/unzip/image-6.jpeg,broccoli
TEST,gs://smiling-cistern-220517-vcm/Broccoli/uploads/unzip/images-159.jpeg,broccoli
TRAIN,gs://smiling-cistern-220517-vcm/Broccoli/uploads/unzip/image-24.jpeg,chinesebroccoli
VALIDATION,gs://smiling-cistern-220517-vcm/Broccoli/uploads/unzip/images-151.jpeg,broccoli
VALIDATION,gs://smiling-cistern-220517-vcm/Broccoli/uploads/unzip/images-77.jpeg,broccoli
TRAIN,gs://smiling-cistern-220517-vcm/Broccoli/uploads/unzip/images-176.jpeg,broccoli
TRAIN,gs://smiling-cistern-220517-vcm/Broccoli/uploads/unzip/images-168.jpeg,broccoli
TRAIN,gs://smiling-cistern-220517-vcm/uploads/new-dataset/20190421200836766/61pdeVulZ3L._SX425_.jpg,chinesebroccoli
TRAIN,gs://smiling-cistern-220517-vcm/Broccoli/uploads/unzip/images-173.jpeg,broccoli
TRAIN,gs://smiling-cistern-220517-vcm/Broccoli/uploads/unzip/images-131.jpeg,broccoli
TRAIN,gs://smiling-cistern-220517-vcm/uploads/new-dataset/20190421200836766/71d7uDkSNEL._SX425_.jpg,chinesebroccoli
TRAIN,gs://smiling-cistern-220517-vcm/Broccoli/uploads/unzip/images-9.jpeg,broccoli
TRAIN,gs://smiling-cistern-220517-vcm/Broccoli/uploads/unzip/images-83.jpeg,broccoli
TRAIN,gs://smiling-cistern-220517-vcm/Broccoli/uploads/unzip/image-29.jpeg,broccoli
TRAIN,gs://smiling-cistern-220517-vcm/Broccoli/uploads/unzip/images-186.jpeg,broccoli
VALIDATION,gs://smiling-cistern-220517-vcm/Broccoli/uploads/unzip/image-25.jpeg,broccoli
TRAIN,gs://smiling-cistern-220517-vcm/Broccoli/uploads/unzip/images-25.jpeg,broccoli
TRAIN,gs://smiling-cistern-220517-vcm/Broccoli/uploads/unzip/image.jpeg,chinesebroccoli
TRAIN,gs://smiling-cistern-220517-vcm/Broccoli/uploads/unzip/images-134.jpeg,broccoli
TRAIN,gs://smiling-cistern-220517-vcm/Broccoli/uploads/unzip/images-70.jpeg,broccoli
TRAIN,gs://smiling-cistern-220517-vcm/uploads/new-dataset/20190421200836766/download.jpeg,chinesebroccoli
TRAIN,gs://smiling-cistern-220517-vcm/Broccoli/uploads/unzip/images-72.jpeg,broccoli
TEST,gs://smiling-cistern-220517-vcm/Broccoli/uploads/unzip/image-15.jpeg,broccoli
TRAIN,gs://smiling-cistern-220517-vcm/Broccoli/uploads/unzip/images-56.jpeg,broccoli
TRAIN,gs://smiling-cistern-220517-vcm/Broccoli/uploads/unzip/image-15.jpeg,chinesebroccoli
VALIDATION,gs://smiling-cistern-220517-vcm/Broccoli/uploads/unzip/images-106.jpeg,broccoli
TRAIN,gs://smiling-cistern-220517-vcm/Broccoli/uploads/unzip/images-107.jpeg,broccoli
TRAIN,gs://smiling-cistern-220517-vcm/Broccoli/uploads/unzip/images-53.jpeg,broccoli
TRAIN,gs://smiling-cistern-220517-vcm/uploads/new-dataset/20190421200836766/IMG_6993.jpg,chinesebroccoli
TRAIN,gs://smiling-cistern-220517-vcm/Broccoli/uploads/unzip/image-3.jpeg,chinesebroccoli
TRAIN,gs://smiling-cistern-220517-vcm/Broccoli/uploads/unzip/images-90.jpeg,broccoli
TRAIN,gs://smiling-cistern-220517-vcm/Broccoli/uploads/unzip/images-16.jpeg,chinesebroccoli
TRAIN,gs://smiling-cistern-220517-vcm/Broccoli/uploads/unzip/image-6.jpeg,chinesebroccoli
TRAIN,gs://smiling-cistern-220517-vcm/Broccoli/uploads/unzip/image-12.jpeg,broccoli
TRAIN,gs://smiling-cistern-220517-vcm/Broccoli/uploads/unzip/images-119.jpeg,broccoli
TRAIN,gs://smiling-cistern-220517-vcm/uploads/new-dataset/20190421200836766/0IMG_5407.jpg,chinesebroccoli
TRAIN,gs://smiling-cistern-220517-vcm/Broccoli/uploads/unzip/image-13.jpeg,broccoli
TRAIN,gs://smiling-cistern-220517-vcm/Broccoli/uploads/unzip/image-2.jpeg,broccoli
TRAIN,gs://smiling-cistern-220517-vcm/Broccoli/uploads/unzip/images-79.jpeg,broccoli
VALIDATION,gs://smiling-cistern-220517-vcm/Broccoli/uploads/unzip/image-13.jpeg,chinesebroccoli
TEST,gs://smiling-cistern-220517-vcm/Broccoli/uploads/unzip/images-11.jpeg,chinesebroccoli
TRAIN,gs://smiling-cistern-220517-vcm/Broccoli/uploads/unzip/image-11.jpeg,chinesebroccoli
TRAIN,gs://smiling-cistern-220517-vcm/Broccoli/uploads/unzip/images-95.jpeg,broccoli
TRAIN,gs://smiling-cistern-220517-vcm/Broccoli/uploads/unzip/images-7.jpeg,broccoli
TRAIN,gs://smiling-cistern-220517-vcm/Broccoli/uploads/unzip/images-65.jpeg,broccoli
TRAIN,gs://smiling-cistern-220517-vcm/Broccoli/uploads/unzip/images-2.jpeg,broccoli
TRAIN,gs://smiling-cistern-220517-vcm/Broccoli/uploads/unzip/image-7.jpeg,chinesebroccoli
TRAIN,gs://smiling-cistern-220517-vcm/Broccoli/uploads/unzip/image-20.jpeg,chinesebroccoli
TRAIN,gs://smiling-cistern-220517-vcm/uploads/new-dataset/20190421200836766/images (3).jpeg,chinesebroccoli
TRAIN,gs://smiling-cistern-220517-vcm/Broccoli/uploads/unzip/images-116.jpeg,broccoli
TRAIN,gs://smiling-cistern-220517-vcm/Broccoli/uploads/unzip/images-178.jpeg,broccoli
TRAIN,gs://smiling-cistern-220517-vcm/Broccoli/uploads/unzip/images-158.jpeg,broccoli
TRAIN,gs://smiling-cistern-220517-vcm/Broccoli/uploads/unzip/images-126.jpeg,broccoli
TRAIN,gs://smiling-cistern-220517-vcm/Broccoli/uploads/unzip/image-5.jpeg,chinesebroccoli
TRAIN,gs://smiling-cistern-220517-vcm/Broccoli/uploads/unzip/images-55.jpeg,broccoli
TRAIN,gs://smiling-cistern-220517-vcm/Broccoli/uploads/unzip/images-51.jpeg,broccoli
TRAIN,gs://smiling-cistern-220517-vcm/Broccoli/uploads/unzip/image-9.jpeg,chinesebroccoli
VALIDATION,gs://smiling-cistern-220517-vcm/Broccoli/uploads/unzip/images-145.jpeg,broccoli
TRAIN,gs://smiling-cistern-220517-vcm/Broccoli/uploads/unzip/image-14.jpeg,broccoli
TRAIN,gs://smiling-cistern-220517-vcm/uploads/new-dataset/20190421200836766/Chinese-Broccoli-with-Crispy-Pork-3.jpg,chinesebroccoli
TRAIN,gs://smiling-cistern-220517-vcm/Broccoli/uploads/unzip/images-47.jpeg,broccoli
TRAIN,gs://smiling-cistern-220517-vcm/Broccoli/uploads/unzip/images-136.jpeg,broccoli
TEST,gs://smiling-cistern-220517-vcm/Broccoli/uploads/unzip/image-14.jpeg,chinesebroccoli
TRAIN,gs://smiling-cistern-220517-vcm/Broccoli/uploads/unzip/image-28.jpeg,broccoli
TRAIN,gs://smiling-cistern-220517-vcm/Broccoli/uploads/unzip/image-20.jpeg,broccoli
TRAIN,gs://smiling-cistern-220517-vcm/Broccoli/uploads/unzip/images-154.jpeg,broccoli
TRAIN,gs://smiling-cistern-220517-vcm/Broccoli/uploads/unzip/images-148.jpeg,broccoli
TRAIN,gs://smiling-cistern-220517-vcm/Broccoli/uploads/unzip/images-20.jpeg,broccoli
TEST,gs://smiling-cistern-220517-vcm/Broccoli/uploads/unzip/images.jpeg,chinesebroccoli
TRAIN,gs://smiling-cistern-220517-vcm/Broccoli/uploads/unzip/images-135.jpeg,broccoli
TRAIN,gs://smiling-cistern-220517-vcm/uploads/new-dataset/20190421200836766/Jesmond-Fruit-Barn-Chinese-Broccoli.jpg,chinesebroccoli
TRAIN,gs://smiling-cistern-220517-vcm/Broccoli/uploads/unzip/images-50.jpeg,broccoli
TRAIN,gs://smiling-cistern-220517-vcm/Broccoli/uploads/unzip/images-29.jpeg,broccoli
TRAIN,gs://smiling-cistern-220517-vcm/Broccoli/uploads/unzip/image-18.jpeg,chinesebroccoli
TRAIN,gs://smiling-cistern-220517-vcm/Broccoli/uploads/unzip/image-26.jpeg,chinesebroccoli
TRAIN,gs://smiling-cistern-220517-vcm/Broccoli/uploads/unzip/images-30.jpeg,broccoli
VALIDATION,gs://smiling-cistern-220517-vcm/Broccoli/uploads/unzip/images-21.jpeg,broccoli
TRAIN,gs://smiling-cistern-220517-vcm/Broccoli/uploads/unzip/images-59.jpeg,broccoli
TRAIN,gs://smiling-cistern-220517-vcm/Broccoli/uploads/unzip/images-102.jpeg,broccoli
TRAIN,gs://smiling-cistern-220517-vcm/Broccoli/uploads/unzip/image-16.jpeg,chinesebroccoli
TEST,gs://smiling-cistern-220517-vcm/Broccoli/uploads/unzip/images-104.jpeg,broccoli
TRAIN,gs://smiling-cistern-220517-vcm/Broccoli/uploads/unzip/images-44.jpeg,broccoli
TRAIN,gs://smiling-cistern-220517-vcm/Broccoli/uploads/unzip/images-160.jpeg,broccoli
TRAIN,gs://smiling-cistern-220517-vcm/Broccoli/uploads/unzip/images-26.jpeg,broccoli
TRAIN,gs://smiling-cistern-220517-vcm/uploads/new-dataset/20190421200836766/71XkDPDWvsL._SX425_.jpg,chinesebroccoli
TRAIN,gs://smiling-cistern-220517-vcm/Broccoli/uploads/unzip/image-7.jpeg,broccoli
TRAIN,gs://smiling-cistern-220517-vcm/Broccoli/uploads/unzip/image-30.jpeg,broccoli
TRAIN,gs://smiling-cistern-220517-vcm/Broccoli/uploads/unzip/images-14.jpeg,broccoli
TRAIN,gs://smiling-cistern-220517-vcm/Broccoli/uploads/unzip/images-5.jpeg,broccoli
TRAIN,gs://smiling-cistern-220517-vcm/Broccoli/uploads/unzip/images-23.jpeg,broccoli
TRAIN,gs://smiling-cistern-220517-vcm/Broccoli/uploads/unzip/images-172.jpeg,broccoli
TRAIN,gs://smiling-cistern-220517-vcm/Broccoli/uploads/unzip/image-16.jpeg,chinesebroccoli
TRAIN,gs://smiling-cistern-220517-vcm/Broccoli/uploads/unzip/images.jpeg,broccoli
TRAIN,gs://smiling-cistern-220517-vcm/Broccoli/uploads/unzip/image-23.jpeg,broccoli
TRAIN,gs://smiling-cistern-220517-vcm/uploads/new-dataset/20190421200836766/chinese-broccoli-vegetable.jpg,chinesebroccoli
TRAIN,gs://smiling-cistern-220517-vcm/Broccoli/uploads/unzip/image-27.jpeg,chinesebroccoli
TRAIN,gs://smiling-cistern-220517-vcm/Broccoli/uploads/unzip/images-139.jpeg,broccoli
TRAIN,gs://smiling-cistern-220517-vcm/Broccoli/uploads/unzip/image-25.jpeg,chinesebroccoli
TRAIN,gs://smiling-cistern-220517-vcm/Broccoli/uploads/unzip/images-181.jpeg,broccoli
TRAIN,gs://smiling-cistern-220517-vcm/Broccoli/uploads/unzip/images-147.jpeg,broccoli
TRAIN,gs://smiling-cistern-220517-vcm/Broccoli/uploads/unzip/images-89.jpeg,broccoli
TRAIN,gs://smiling-cistern-220517-vcm/Broccoli/uploads/unzip/images-22.jpeg,broccoli
TRAIN,gs://smiling-cistern-220517-vcm/uploads/new-dataset/20190421200836766/640x960.jpg,chinesebroccoli
VALIDATION,gs://smiling-cistern-220517-vcm/Broccoli/uploads/unzip/images-153.jpeg,broccoli
VALIDATION,gs://smiling-cistern-220517-vcm/Broccoli/uploads/unzip/images-41.jpeg,broccoli
TRAIN,gs://smiling-cistern-220517-vcm/Broccoli/uploads/unzip/images-143.jpeg,broccoli
VALIDATION,gs://smiling-cistern-220517-vcm/Broccoli/uploads/unzip/images-98.jpeg,broccoli
TRAIN,gs://smiling-cistern-220517-vcm/Broccoli/uploads/unzip/images-10.jpeg,broccoli
TEST,gs://smiling-cistern-220517-vcm/Broccoli/uploads/unzip/images-8.jpeg,chinesebroccoli
VALIDATION,gs://smiling-cistern-220517-vcm/Broccoli/uploads/unzip/image-8.jpeg,broccoli
TRAIN,gs://smiling-cistern-220517-vcm/Broccoli/uploads/unzip/image-32.jpeg,chinesebroccoli
TRAIN,gs://smiling-cistern-220517-vcm/Broccoli/uploads/unzip/images-7.jpeg,chinesebroccoli
TEST,gs://smiling-cistern-220517-vcm/Broccoli/uploads/unzip/images-122.jpeg,broccoli
VALIDATION,gs://smiling-cistern-220517-vcm/Broccoli/uploads/unzip/images-179.jpeg,broccoli
TRAIN,gs://smiling-cistern-220517-vcm/Broccoli/uploads/unzip/images-60.jpeg,broccoli
TRAIN,gs://smiling-cistern-220517-vcm/Broccoli/uploads/unzip/images-13.jpeg,chinesebroccoli
