UNASSIGNED,gs://smiling-cistern-220517-vcm/uploads/new-dataset/20190421200836766/IMG_6993.jpg
UNASSIGNED,gs://smiling-cistern-220517-vcm/uploads/new-dataset/20190421200836766/Baby_Broccoli_Seeds.jpg
UNASSIGNED,gs://smiling-cistern-220517-vcm/uploads/new-dataset/20190421200836766/download.jpeg
UNASSIGNED,gs://smiling-cistern-220517-vcm/uploads/new-dataset/20190421200836766/61pdeVulZ3L._SX425_.jpg
UNASSIGNED,gs://smiling-cistern-220517-vcm/uploads/new-dataset/20190421200836766/Jesmond-Fruit-Barn-Chinese-Broccoli.jpg
UNASSIGNED,gs://smiling-cistern-220517-vcm/uploads/new-dataset/20190421200836766/71XkDPDWvsL._SX425_.jpg
UNASSIGNED,gs://smiling-cistern-220517-vcm/uploads/new-dataset/20190421200836766/0IMG_5407.jpg
UNASSIGNED,gs://smiling-cistern-220517-vcm/uploads/new-dataset/20190421200836766/chinese-broccoli-vegetable.jpg
UNASSIGNED,gs://smiling-cistern-220517-vcm/uploads/new-dataset/20190421200836766/Chinese-Broccoli-with-Crispy-Pork-3.jpg
UNASSIGNED,gs://smiling-cistern-220517-vcm/uploads/new-dataset/20190421200836766/640x960.jpg
UNASSIGNED,gs://smiling-cistern-220517-vcm/uploads/new-dataset/20190421200836766/images (3).jpeg
UNASSIGNED,gs://smiling-cistern-220517-vcm/uploads/new-dataset/20190421200836766/71d7uDkSNEL._SX425_.jpg
UNASSIGNED,gs://smiling-cistern-220517-vcm/uploads/new-dataset/20190421200836766/images (2).jpeg
UNASSIGNED,gs://smiling-cistern-220517-vcm/uploads/new-dataset/20190421200836766/images (1).jpeg
UNASSIGNED,gs://smiling-cistern-220517-vcm/uploads/new-dataset/20190421200836766/images.jpeg
