7,Duplicated files detected gs://smiling-cistern-220517-vcm/Broccoli/uploads/unzip/image.jpeg and gs://smiling-cistern-220517-vcm/Broccoli/uploads/unzip/image.jpeg have the same content
7,Duplicated files detected gs://smiling-cistern-220517-vcm/Broccoli/uploads/unzip/image-2.jpeg and gs://smiling-cistern-220517-vcm/Broccoli/uploads/unzip/image-2.jpeg have the same content
7,Duplicated files detected gs://smiling-cistern-220517-vcm/Broccoli/uploads/unzip/image-3.jpeg and gs://smiling-cistern-220517-vcm/Broccoli/uploads/unzip/image-3.jpeg have the same content
7,Duplicated files detected gs://smiling-cistern-220517-vcm/Broccoli/uploads/unzip/image-4.jpeg and gs://smiling-cistern-220517-vcm/Broccoli/uploads/unzip/image-4.jpeg have the same content
7,Duplicated files detected gs://smiling-cistern-220517-vcm/Broccoli/uploads/unzip/googlelogo-color-92x30dp.png and gs://smiling-cistern-220517-vcm/Broccoli/uploads/unzip/googlelogo-color-92x30dp.png have the same content
7,Duplicated files detected gs://smiling-cistern-220517-vcm/Broccoli/uploads/unzip/image-5.jpeg and gs://smiling-cistern-220517-vcm/Broccoli/uploads/unzip/image-5.jpeg have the same content
7,Duplicated files detected gs://smiling-cistern-220517-vcm/Broccoli/uploads/unzip/image-6.jpeg and gs://smiling-cistern-220517-vcm/Broccoli/uploads/unzip/image-6.jpeg have the same content
7,Duplicated files detected gs://smiling-cistern-220517-vcm/Broccoli/uploads/unzip/image-7.jpeg and gs://smiling-cistern-220517-vcm/Broccoli/uploads/unzip/image-7.jpeg have the same content
7,Duplicated files detected gs://smiling-cistern-220517-vcm/Broccoli/uploads/unzip/image-8.jpeg and gs://smiling-cistern-220517-vcm/Broccoli/uploads/unzip/image-8.jpeg have the same content
7,Duplicated files detected gs://smiling-cistern-220517-vcm/Broccoli/uploads/unzip/image-9.jpeg and gs://smiling-cistern-220517-vcm/Broccoli/uploads/unzip/image-9.jpeg have the same content
7,Duplicated files detected gs://smiling-cistern-220517-vcm/Broccoli/uploads/unzip/image-10.jpeg and gs://smiling-cistern-220517-vcm/Broccoli/uploads/unzip/image-10.jpeg have the same content
7,Duplicated files detected gs://smiling-cistern-220517-vcm/Broccoli/uploads/unzip/image-11.jpeg and gs://smiling-cistern-220517-vcm/Broccoli/uploads/unzip/image-11.jpeg have the same content
7,Duplicated files detected gs://smiling-cistern-220517-vcm/Broccoli/uploads/unzip/image-12.jpeg and gs://smiling-cistern-220517-vcm/Broccoli/uploads/unzip/image-12.jpeg have the same content
7,Duplicated files detected gs://smiling-cistern-220517-vcm/Broccoli/uploads/unzip/image-13.jpeg and gs://smiling-cistern-220517-vcm/Broccoli/uploads/unzip/image-13.jpeg have the same content
7,Duplicated files detected gs://smiling-cistern-220517-vcm/Broccoli/uploads/unzip/image-14.jpeg and gs://smiling-cistern-220517-vcm/Broccoli/uploads/unzip/image-14.jpeg have the same content
7,Duplicated files detected gs://smiling-cistern-220517-vcm/Broccoli/uploads/unzip/image-15.jpeg and gs://smiling-cistern-220517-vcm/Broccoli/uploads/unzip/image-15.jpeg have the same content
7,Duplicated files detected gs://smiling-cistern-220517-vcm/Broccoli/uploads/unzip/image-16.jpeg and gs://smiling-cistern-220517-vcm/Broccoli/uploads/unzip/image-16.jpeg have the same content
7,Duplicated files detected gs://smiling-cistern-220517-vcm/Broccoli/uploads/unzip/image-17.jpeg and gs://smiling-cistern-220517-vcm/Broccoli/uploads/unzip/image-17.jpeg have the same content
7,Duplicated files detected gs://smiling-cistern-220517-vcm/Broccoli/uploads/unzip/image-18.jpeg and gs://smiling-cistern-220517-vcm/Broccoli/uploads/unzip/image-18.jpeg have the same content
7,Duplicated files detected gs://smiling-cistern-220517-vcm/Broccoli/uploads/unzip/image-19.jpeg and gs://smiling-cistern-220517-vcm/Broccoli/uploads/unzip/image-19.jpeg have the same content
7,Duplicated files detected gs://smiling-cistern-220517-vcm/Broccoli/uploads/unzip/image-20.jpeg and gs://smiling-cistern-220517-vcm/Broccoli/uploads/unzip/image-20.jpeg have the same content
7,Duplicated files detected gs://smiling-cistern-220517-vcm/Broccoli/uploads/unzip/images.jpeg and gs://smiling-cistern-220517-vcm/Broccoli/uploads/unzip/images.jpeg have the same content
7,Duplicated files detected gs://smiling-cistern-220517-vcm/Broccoli/uploads/unzip/images-2.jpeg and gs://smiling-cistern-220517-vcm/Broccoli/uploads/unzip/images-2.jpeg have the same content
7,Duplicated files detected gs://smiling-cistern-220517-vcm/Broccoli/uploads/unzip/images-3.jpeg and gs://smiling-cistern-220517-vcm/Broccoli/uploads/unzip/images-3.jpeg have the same content
7,Duplicated files detected gs://smiling-cistern-220517-vcm/Broccoli/uploads/unzip/images-4.jpeg and gs://smiling-cistern-220517-vcm/Broccoli/uploads/unzip/images-4.jpeg have the same content
7,Duplicated files detected gs://smiling-cistern-220517-vcm/Broccoli/uploads/unzip/images-5.jpeg and gs://smiling-cistern-220517-vcm/Broccoli/uploads/unzip/images-5.jpeg have the same content
7,Duplicated files detected gs://smiling-cistern-220517-vcm/Broccoli/uploads/unzip/images-6.jpeg and gs://smiling-cistern-220517-vcm/Broccoli/uploads/unzip/images-6.jpeg have the same content
7,Duplicated files detected gs://smiling-cistern-220517-vcm/Broccoli/uploads/unzip/images-7.jpeg and gs://smiling-cistern-220517-vcm/Broccoli/uploads/unzip/images-7.jpeg have the same content
7,Duplicated files detected gs://smiling-cistern-220517-vcm/Broccoli/uploads/unzip/images-8.jpeg and gs://smiling-cistern-220517-vcm/Broccoli/uploads/unzip/images-8.jpeg have the same content
7,Duplicated files detected gs://smiling-cistern-220517-vcm/Broccoli/uploads/unzip/images-9.jpeg and gs://smiling-cistern-220517-vcm/Broccoli/uploads/unzip/images-9.jpeg have the same content
7,Duplicated files detected gs://smiling-cistern-220517-vcm/Broccoli/uploads/unzip/images-10.jpeg and gs://smiling-cistern-220517-vcm/Broccoli/uploads/unzip/images-10.jpeg have the same content
7,Duplicated files detected gs://smiling-cistern-220517-vcm/Broccoli/uploads/unzip/images-11.jpeg and gs://smiling-cistern-220517-vcm/Broccoli/uploads/unzip/images-11.jpeg have the same content
7,Duplicated files detected gs://smiling-cistern-220517-vcm/Broccoli/uploads/unzip/images-12.jpeg and gs://smiling-cistern-220517-vcm/Broccoli/uploads/unzip/images-12.jpeg have the same content
7,Duplicated files detected gs://smiling-cistern-220517-vcm/Broccoli/uploads/unzip/images-13.jpeg and gs://smiling-cistern-220517-vcm/Broccoli/uploads/unzip/images-13.jpeg have the same content
7,Duplicated files detected gs://smiling-cistern-220517-vcm/Broccoli/uploads/unzip/images-14.jpeg and gs://smiling-cistern-220517-vcm/Broccoli/uploads/unzip/images-14.jpeg have the same content
7,Duplicated files detected gs://smiling-cistern-220517-vcm/Broccoli/uploads/unzip/images-15.jpeg and gs://smiling-cistern-220517-vcm/Broccoli/uploads/unzip/images-15.jpeg have the same content
7,Duplicated files detected gs://smiling-cistern-220517-vcm/Broccoli/uploads/unzip/images-16.jpeg and gs://smiling-cistern-220517-vcm/Broccoli/uploads/unzip/images-16.jpeg have the same content
7,Duplicated files detected gs://smiling-cistern-220517-vcm/Broccoli/uploads/unzip/images-17.jpeg and gs://smiling-cistern-220517-vcm/Broccoli/uploads/unzip/images-17.jpeg have the same content
7,Duplicated files detected gs://smiling-cistern-220517-vcm/Broccoli/uploads/unzip/fb-32x32.png and gs://smiling-cistern-220517-vcm/Broccoli/uploads/unzip/fb-32x32.png have the same content
7,Duplicated files detected gs://smiling-cistern-220517-vcm/Broccoli/uploads/unzip/twitter-32x32.png and gs://smiling-cistern-220517-vcm/Broccoli/uploads/unzip/twitter-32x32.png have the same content
7,Duplicated files detected gs://smiling-cistern-220517-vcm/Broccoli/uploads/unzip/email-grey600-24dp.png and gs://smiling-cistern-220517-vcm/Broccoli/uploads/unzip/email-grey600-24dp.png have the same content
7,Duplicated files detected gs://smiling-cistern-220517-vcm/Broccoli/uploads/unzip/v1-7941e62d.png and gs://smiling-cistern-220517-vcm/Broccoli/uploads/unzip/v1-7941e62d.png have the same content
7,Duplicated files detected gs://smiling-cistern-220517-vcm/Broccoli/uploads/unzip/911e3628e6.png and gs://smiling-cistern-220517-vcm/Broccoli/uploads/unzip/911e3628e6.png have the same content
7,Duplicated files detected gs://smiling-cistern-220517-vcm/Broccoli/uploads/unzip/photo-camera-grey600-24dp.png and gs://smiling-cistern-220517-vcm/Broccoli/uploads/unzip/photo-camera-grey600-24dp.png have the same content
7,Duplicated files detected gs://smiling-cistern-220517-vcm/Broccoli/uploads/unzip/image-33.png and gs://smiling-cistern-220517-vcm/Broccoli/uploads/unzip/image-21.png have the same content
7,Duplicated files detected gs://smiling-cistern-220517-vcm/Broccoli/uploads/unzip/googlemic-color-24dp.png and gs://smiling-cistern-220517-vcm/Broccoli/uploads/unzip/googlemic-color-24dp.png have the same content
7,Duplicated files detected gs://smiling-cistern-220517-vcm/Broccoli/uploads/unzip/arrow-down.png and gs://smiling-cistern-220517-vcm/Broccoli/uploads/unzip/arrow-down.png have the same content
7,Duplicated files detected gs://smiling-cistern-220517-vcm/Broccoli/uploads/unzip/checkmark.png and gs://smiling-cistern-220517-vcm/Broccoli/uploads/unzip/checkmark.png have the same content
7,Duplicated files detected gs://smiling-cistern-220517-vcm/Broccoli/uploads/unzip/checkmark2.png and gs://smiling-cistern-220517-vcm/Broccoli/uploads/unzip/checkmark2.png have the same content
7,Duplicated files detected gs://smiling-cistern-220517-vcm/Broccoli/uploads/unzip/image-34.png and gs://smiling-cistern-220517-vcm/Broccoli/uploads/unzip/image-22.png have the same content
7,Duplicated files detected gs://smiling-cistern-220517-vcm/Broccoli/uploads/unzip/image-35.png and gs://smiling-cistern-220517-vcm/Broccoli/uploads/unzip/image-23.png have the same content
7,Duplicated files detected gs://smiling-cistern-220517-vcm/Broccoli/uploads/unzip/image-36.gif and gs://smiling-cistern-220517-vcm/Broccoli/uploads/unzip/image-24.gif have the same content
7,Duplicated files detected gs://smiling-cistern-220517-vcm/Broccoli/uploads/unzip/image-37.png and gs://smiling-cistern-220517-vcm/Broccoli/uploads/unzip/image-25.png have the same content
7,Duplicated files detected gs://smiling-cistern-220517-vcm/Broccoli/uploads/unzip/loading.gif and gs://smiling-cistern-220517-vcm/Broccoli/uploads/unzip/loading.gif have the same content
